document,page,line,width_ratio,text
artigo,1,4,0.2374,Outubro de 2026
artigo,1,5,0.0949,Resumo
artigo,1,12,0.3392,"protocolo (EstudaOffline, 2026)."
artigo,1,14,0.0996,estudos.
artigo,1,15,0.2552,1 Introdução
artigo,1,25,0.4535,2 Justificativa científica
artigo,1,29,0.3526,"do MVP (Wolters et al., 2017)."
artigo,1,33,0.0147,1
artigo,2,37,0.2813,"(Squarcina et al., 2021)."
artigo,2,38,0.0147,2
artigo,3,39,0.4008,3 Referencial teórico
artigo,3,83,0.0147,3
artigo,4,111,0.3648,"relevantes (Martin et al., 2024)."
artigo,4,125,0.4171,"(MDN, 2026c; EstudaOffline, 2026)."
artigo,4,130,0.0147,4
artigo,5,146,0.2842,"(Kumar e Mohite, 2017)."
artigo,5,161,0.2472,"EstudaOffline, 2026)."
artigo,5,168,0.3912,"al., 2024; Kumar e Mohite, 2017)."
artigo,5,175,0.0147,5
artigo,6,178,0.2472,"EstudaOffline, 2026)."
artigo,6,185,0.4801,"(EstudaOffline, 2026; Júnior et al., 2022)."
artigo,6,193,0.2472,"EstudaOffline, 2026)."
artigo,6,208,0.0747,2026).
artigo,6,222,0.0147,6
artigo,7,223,0.3204,"2022; EstudaOffline, 2026)."
artigo,7,231,0.2472,"EstudaOffline, 2026)."
artigo,7,240,0.3922,"et al., 2020; EstudaOffline, 2026)."
artigo,7,257,0.3629,"al., 2022; EstudaOffline, 2026)."
artigo,7,258,0.0147,7
artigo,8,259,0.2151,4 Métodos
artigo,8,272,0.4171,"(EstudaOffline, 2026; MDN, 2026c)."
artigo,8,288,0.1905,separadamente.
artigo,8,289,0.2637,5 Resultados
artigo,8,294,0.4963,"eficácia pedagógica (EstudaOffline, 2026)."
artigo,8,302,0.4664,"observations.md. (EstudaOffline, 2026)."
artigo,8,303,0.0147,8
artigo,9,304,0.2489,6 Discussão
artigo,9,313,0.442,"registro técnico (EstudaOffline, 2026)."
artigo,9,314,0.2531,7 Conclusão
artigo,9,318,0.3459,Autoria e uso de IA
artigo,9,325,0.3439,"projeto (EstudaOffline, 2026)."
artigo,9,326,0.0147,9
artigo,10,333,0.3439,"projeto (EstudaOffline, 2026)."
artigo,10,338,0.1172,"al., 2020)."
artigo,10,345,0.0747,2023).
artigo,10,349,0.2843,"(Broadbent et al., 2020)."
artigo,10,353,0.1172,"al., 2024)."
artigo,10,357,0.2945,"(Forstervold et al., 2022)."
artigo,10,368,0.0747,2019).
artigo,10,372,0.0293,10
artigo,11,379,0.1465,"et al., 2025)."
artigo,11,390,0.1465,"et al., 2025)."
artigo,11,400,0.3712,"neste MVP. (Wong et al., 2026)."
artigo,11,404,0.4039,"e 2023 fascículo. (Xu et al., 2022)."
artigo,11,408,0.4122,"EstudaOffline. (Zheng et al., 2016)."
artigo,11,416,0.0747,2021).
artigo,11,419,0.0274,11
artigo,12,458,0.3199,"(Kumi-Yeboah et al., 2023)."
artigo,12,464,0.252,"(Linhalis et al., 2026)."
artigo,12,468,0.0293,12
artigo,13,469,0.0747,2024).
artigo,13,487,0.2813,"(Squarcina et al., 2021)."
artigo,13,490,0.4903,"teste específico. (Subramani et al., 2022)."
artigo,13,500,0.3878,"localStorage. (Haas et al., 2023)."
artigo,13,507,0.4361,"avaliados. (MacFadden e Qiu, 2022)."
artigo,13,514,0.3634,"(Ekambaranathan et al., 2023)."
artigo,13,515,0.0293,13
artigo,14,519,0.0747,2022).
artigo,14,526,0.3863,"ecossistemas. (Sun et al., 2023)."
artigo,14,540,0.1465,"et al., 2018)."
artigo,14,562,0.0293,14
artigo,15,584,0.1465,"et al., 2024)."
artigo,15,592,0.1612,"et al., 2021a)."
artigo,15,608,0.2905,"(Walters e Wilder, 2023)."
artigo,15,609,0.0293,15
artigo,16,613,0.1465,"et al., 2023)."
artigo,16,622,0.0293,16
artigo,17,623,0.2152,Referências
artigo,17,635,0.3311,consultados em 5 out. 2026.
artigo,17,647,0.3311,consultados em 5 out. 2026.
artigo,17,651,0.3311,consultados em 5 out. 2026.
artigo,17,664,0.0293,17
artigo,18,668,0.1392,5 out. 2026.
artigo,18,690,0.4483,e resumo consultados em 5 out. 2026.
artigo,18,694,0.1392,5 out. 2026.
artigo,18,707,0.0293,18
artigo,19,710,0.066,2026.
artigo,19,723,0.1831,em 5 out. 2026.
artigo,19,735,0.066,2026.
artigo,19,741,0.066,2026.
artigo,19,747,0.1392,5 out. 2026.
artigo,19,751,0.0293,19
artigo,20,784,0.1831,em 5 out. 2026.
artigo,20,795,0.0293,20
artigo,21,813,0.3311,consultados em 5 out. 2026.
artigo,21,833,0.4483,e resumo consultados em 5 out. 2026.
artigo,21,838,0.0293,21
artigo,22,875,0.066,2026.
artigo,22,879,0.0293,22
artigo,23,884,0.066,2026.
artigo,23,888,0.1172,out. 2026.
artigo,23,904,0.3311,consultados em 5 out. 2026.
artigo,23,920,0.0293,23
artigo,24,924,0.066,2026.
artigo,24,929,0.066,2026.
artigo,24,933,0.3311,consultados em 5 out. 2026.
artigo,24,950,0.3311,consultados em 5 out. 2026.
artigo,24,964,0.0293,24
artigo,25,968,0.1831,em 5 out. 2026.
artigo,25,972,0.4483,e resumo consultados em 5 out. 2026.
artigo,25,979,0.1172,out. 2026.
artigo,25,987,0.3633,contagem de fontes científicas.
artigo,25,993,0.2036,fontes científicas.
artigo,25,997,0.0293,25
entrega-escolar,1,1,0.3862,CETI LUCAS MEIRELES ALVES
entrega-escolar,1,3,0.3071,PROJETO INTEGRADOR
entrega-escolar,1,5,0.3901,COM DADOS LOCAIS
entrega-escolar,1,6,0.3281,Teresina — Chapadinha Sul
entrega-escolar,1,7,0.1978,Outubro de 2026
entrega-escolar,2,9,0.2075,Professor: Aloisio
entrega-escolar,2,11,0.3901,COM DADOS LOCAIS
entrega-escolar,2,15,0.4454,e avaliação pelo professor pendentes.
entrega-escolar,2,16,0.3281,Teresina — Chapadinha Sul
entrega-escolar,2,17,0.1978,Outubro de 2026
entrega-escolar,3,18,0.1519,Sumário
entrega-escolar,3,42,0.0147,1
entrega-escolar,4,43,0.2552,1 Introdução
entrega-escolar,4,51,0.2197,1.1 Objetivos
entrega-escolar,4,52,0.2607,1.1.1 Objetivo geral
entrega-escolar,4,54,0.3911,persistência local em Flutter web.
entrega-escolar,4,55,0.356,1.1.2 Objetivos específicos
entrega-escolar,4,57,0.2666,importação de backup.
entrega-escolar,4,59,0.2842,técnicos documentados.
entrega-escolar,4,60,0.2619,1.2 Metodologia
entrega-escolar,4,73,0.4171,"(EstudaOffline, 2026; MDN, 2026c)."
entrega-escolar,4,74,0.0147,2
entrega-escolar,5,80,0.0147,3
entrega-escolar,6,81,0.4008,2 Referencial teórico
entrega-escolar,6,116,0.0147,4
entrega-escolar,7,153,0.3648,"relevantes (Martin et al., 2024)."
entrega-escolar,7,154,0.0147,5
entrega-escolar,8,168,0.4171,"(MDN, 2026c; EstudaOffline, 2026)."
entrega-escolar,8,188,0.2842,"(Kumar e Mohite, 2017)."
entrega-escolar,8,192,0.0147,6
entrega-escolar,9,204,0.2472,"EstudaOffline, 2026)."
entrega-escolar,9,211,0.3912,"al., 2024; Kumar e Mohite, 2017)."
entrega-escolar,9,220,0.2472,"EstudaOffline, 2026)."
entrega-escolar,9,227,0.4801,"(EstudaOffline, 2026; Júnior et al., 2022)."
entrega-escolar,9,230,0.0147,7
entrega-escolar,10,236,0.2472,"EstudaOffline, 2026)."
entrega-escolar,10,251,0.0747,2026).
entrega-escolar,10,265,0.3204,"2022; EstudaOffline, 2026)."
entrega-escolar,10,268,0.0147,8
entrega-escolar,11,274,0.2472,"EstudaOffline, 2026)."
entrega-escolar,11,283,0.3922,"et al., 2020; EstudaOffline, 2026)."
entrega-escolar,11,300,0.3629,"al., 2022; EstudaOffline, 2026)."
entrega-escolar,11,301,0.0147,9
entrega-escolar,12,302,0.4408,3 Considerações finais
entrega-escolar,12,307,0.4963,"eficácia pedagógica (EstudaOffline, 2026)."
entrega-escolar,12,331,0.3439,"projeto (EstudaOffline, 2026)."
entrega-escolar,12,332,0.3181,Limite de formatação
entrega-escolar,12,336,0.0293,10
entrega-escolar,13,340,0.2559,"(EstudaOffline, 2026)."
entrega-escolar,13,341,0.0274,11
entrega-escolar,14,348,0.3439,"projeto (EstudaOffline, 2026)."
entrega-escolar,14,353,0.1172,"al., 2020)."
entrega-escolar,14,360,0.0747,2023).
entrega-escolar,14,364,0.2843,"(Broadbent et al., 2020)."
entrega-escolar,14,368,0.1172,"al., 2024)."
entrega-escolar,14,372,0.2945,"(Forstervold et al., 2022)."
entrega-escolar,14,378,0.0293,12
entrega-escolar,15,384,0.0747,2019).
entrega-escolar,15,394,0.1465,"et al., 2025)."
entrega-escolar,15,405,0.1465,"et al., 2025)."
entrega-escolar,15,415,0.3712,"neste MVP. (Wong et al., 2026)."
entrega-escolar,15,418,0.0293,13
entrega-escolar,16,420,0.4039,"e 2023 fascículo. (Xu et al., 2022)."
entrega-escolar,16,424,0.4122,"EstudaOffline. (Zheng et al., 2016)."
entrega-escolar,16,432,0.0747,2021).
entrega-escolar,16,456,0.0293,14
entrega-escolar,17,474,0.3199,"(Kumi-Yeboah et al., 2023)."
entrega-escolar,17,480,0.252,"(Linhalis et al., 2026)."
entrega-escolar,17,484,0.0747,2024).
entrega-escolar,17,496,0.0293,15
entrega-escolar,18,503,0.2813,"(Squarcina et al., 2021)."
entrega-escolar,18,506,0.4903,"teste específico. (Subramani et al., 2022)."
entrega-escolar,18,516,0.3878,"localStorage. (Haas et al., 2023)."
entrega-escolar,18,523,0.4362,"avaliados. (MacFadden e Qiu, 2022)."
entrega-escolar,18,530,0.3634,"(Ekambaranathan et al., 2023)."
entrega-escolar,18,534,0.0293,16
entrega-escolar,19,535,0.0747,2022).
entrega-escolar,19,542,0.3863,"ecossistemas. (Sun et al., 2023)."
entrega-escolar,19,556,0.1465,"et al., 2018)."
entrega-escolar,19,572,0.0293,17
entrega-escolar,20,600,0.1465,"et al., 2024)."
entrega-escolar,20,608,0.1612,"et al., 2021a)."
entrega-escolar,20,610,0.0293,18
entrega-escolar,21,625,0.2905,"(Walters e Wilder, 2023)."
entrega-escolar,21,629,0.1465,"et al., 2023)."
entrega-escolar,21,638,0.0293,19
entrega-escolar,22,639,0.2468,4 Referências
entrega-escolar,22,651,0.3311,consultados em 5 out. 2026.
entrega-escolar,22,663,0.3311,consultados em 5 out. 2026.
entrega-escolar,22,667,0.3311,consultados em 5 out. 2026.
entrega-escolar,22,672,0.0293,20
entrega-escolar,23,684,0.1392,5 out. 2026.
entrega-escolar,23,706,0.4483,e resumo consultados em 5 out. 2026.
entrega-escolar,23,707,0.0293,21
entrega-escolar,24,711,0.1392,5 out. 2026.
entrega-escolar,24,726,0.066,2026.
entrega-escolar,24,739,0.1831,em 5 out. 2026.
entrega-escolar,24,744,0.0293,22
entrega-escolar,25,752,0.066,2026.
entrega-escolar,25,758,0.066,2026.
entrega-escolar,25,764,0.1392,5 out. 2026.
entrega-escolar,25,779,0.0293,23
entrega-escolar,26,801,0.1831,em 5 out. 2026.
entrega-escolar,26,816,0.0293,24
entrega-escolar,27,830,0.3311,consultados em 5 out. 2026.
entrega-escolar,27,850,0.4483,e resumo consultados em 5 out. 2026.
entrega-escolar,27,851,0.0293,25
entrega-escolar,28,887,0.0293,26
entrega-escolar,29,893,0.066,2026.
entrega-escolar,29,901,0.066,2026.
entrega-escolar,29,905,0.1172,out. 2026.
entrega-escolar,29,921,0.3311,consultados em 5 out. 2026.
entrega-escolar,29,922,0.0293,27
entrega-escolar,30,941,0.066,2026.
entrega-escolar,30,946,0.066,2026.
entrega-escolar,30,950,0.3311,consultados em 5 out. 2026.
entrega-escolar,30,959,0.0293,28
entrega-escolar,31,968,0.3311,consultados em 5 out. 2026.
entrega-escolar,31,985,0.1831,em 5 out. 2026.
entrega-escolar,31,989,0.4483,e resumo consultados em 5 out. 2026.
entrega-escolar,31,995,0.0293,29
entrega-escolar,32,997,0.1172,out. 2026.
entrega-escolar,32,1005,0.3633,contagem de fontes científicas.
entrega-escolar,32,1011,0.2036,fontes científicas.
entrega-escolar,32,1015,0.0293,30
entrega-escolar,33,1016,0.1919,Apêndices
entrega-escolar,33,1023,0.1371,Anexos
entrega-escolar,33,1029,0.0293,31
poster,1,1,0.2225,EstudaOffline
poster,1,2,0.4062,Planejamento de estudos com dados locais
poster,1,3,0.4763,Estudantes — identificação omitida nesta demonstração
poster,1,4,0.4059,Professor/orientador: Aloisio (revisão pendente)
poster,1,5,0.4019,CETI Lucas Meireles Alves — Técnico em ADS
poster,1,6,0.2376,Teresina — Chapadinha Sul
poster,1,7,0.1909,Pergunta técnica
poster,1,9,0.4951,"critérios são os do protocolo técnico (EstudaOffline, 2026)."
poster,1,10,0.2027,Artefato e método
poster,1,14,0.3028,Resultados documentados
poster,1,18,0.2893,"pedagógica (EstudaOffline, 2026)."
poster,1,24,0.3377,"observations.md. (EstudaOffline, 2026)."
poster,1,25,0.2265,Limites e conclusão
poster,1,30,0.1607,Transparência
poster,1,33,0.1853,"(EstudaOffline, 2026)."
poster,2,38,0.2512,1 Fundamentação rastreável e limites de transferência
poster,2,42,0.228,"do projeto (EstudaOffline, 2026)."
poster,2,43,0.2028,1.1 Planejamento e autorregulação da aprendizagem
poster,2,60,0.0448,2022).
poster,2,73,0.0448,2024).
poster,2,79,0.4762,"comprova eficácia de aplicativo específico. (Wolters e Brady, 2021)."
poster,2,86,0.2067,"1.2 Acessibilidade, usabilidade e desigualdade digital"
poster,3,93,0.2558,"EstudaOffline. (Bong e Chen, 2021)."
poster,3,100,0.0448,2023).
poster,3,103,0.1115,"Razmak, 2020)."
poster,3,118,0.4224,"não é ensaio de eficácia causal. (Kumi-Yeboah et al., 2023)."
poster,3,122,0.0703,"al., 2026)."
poster,3,131,0.1572,"Hongwarittorrn, 2017)."
poster,3,134,0.209,"1.3 Persistência local, cache, segurança e privacidade"
poster,3,138,0.451,"atual exige consulta e teste específico. (Subramani et al., 2022)."
poster,4,149,0.0448,2022).
poster,4,162,0.1624,"1.4 Engenharia, testes e reprodutibilidade"
poster,4,188,0.4695,"exigem contextualização em pipelines atuais. (Shahin et al., 2017)."
poster,4,199,0.1791,"1.5 Integridade, atribuição e revisão da escrita"
poster,6,219,0.0537,Referências
poster,6,229,0.2555,resumo consultados em 5 out. 2026.
poster,6,232,0.1984,consultados em 5 out. 2026.
poster,6,239,0.0702,out. 2026.
poster,6,242,0.1984,consultados em 5 out. 2026.
poster,6,249,0.2686,e resumo consultados em 5 out. 2026.
poster,6,253,0.1984,consultados em 5 out. 2026.
poster,6,256,0.3512,Metadados e resumo consultados em 5 out. 2026.
poster,6,259,0.1984,consultados em 5 out. 2026.
poster,6,272,0.2686,e resumo consultados em 5 out. 2026.
poster,6,276,0.4982,ac1d7d50692fd0ec/ . Metadados e resumo consultados em 5 out. 2026.
poster,6,283,0.1098,em 5 out. 2026.
poster,7,295,0.4494,su151411392 . Metadados e resumo consultados em 5 out. 2026.
poster,7,307,0.0702,out. 2026.
poster,7,316,0.482,23.2024.2425442 . Metadados e resumo consultados em 5 out. 2026.
poster,7,325,0.0395,2026.
poster,7,331,0.1098,em 5 out. 2026.
poster,7,334,0.4576,4.2022.00041 . Metadados e resumo consultados em 5 out. 2026.
poster,7,337,0.1984,consultados em 5 out. 2026.
poster,7,340,0.1098,em 5 out. 2026.
poster,7,343,0.2555,resumo consultados em 5 out. 2026.
poster,7,346,0.1984,consultados em 5 out. 2026.
poster,8,351,0.2686,e resumo consultados em 5 out. 2026.
poster,8,354,0.4819,10.1145/3596267 . Metadados e resumo consultados em 5 out. 2026.
poster,8,362,0.2686,e resumo consultados em 5 out. 2026.
poster,8,365,0.2555,resumo consultados em 5 out. 2026.
poster,8,368,0.0702,out. 2026.
poster,8,371,0.0834,5 out. 2026.
poster,8,374,0.0702,out. 2026.
poster,8,381,0.4494,145/3507903 . Metadados e resumo consultados em 5 out. 2026.
poster,8,386,0.1984,consultados em 5 out. 2026.
poster,8,389,0.0395,2026.
poster,8,392,0.0834,5 out. 2026.
poster,8,399,0.1098,em 5 out. 2026.
poster,8,402,0.3512,Metadados e resumo consultados em 5 out. 2026.
poster,8,405,0.2555,resumo consultados em 5 out. 2026.
poster,8,410,0.3512,Metadados e resumo consultados em 5 out. 2026.
poster,9,435,0.0395,2026.
poster,9,443,0.144,de fontes científicas.
poster,9,445,0.3933,"Registro técnico, fora da contagem de fontes científicas."
poster,9,449,0.3301,"técnico, fora da contagem de fontes científicas."
