key,status,decisao_final,pagina_impressa,DOI,URL,bloqueios
education_araka2020,apta_para_revisao,nao_registrada,"4, 15–16",10.1186/s41039-020-00129-5,https://link.springer.com/content/pdf/10.1186/s41039-020-00129-5.pdf,
education_baars2022,pendente,nao_registrada,,10.4018/IJMBL.315628,https://doi.org/10.4018/IJMBL.315628,localizador_conferido; conferencia_dirigida
education_brahma2023,pendente,nao_registrada,,10.4103/jehp.jehp_1106_22,https://doi.org/10.4103/jehp.jehp_1106_22,localizador_conferido; conferencia_dirigida
education_broadbent2020,pendente,nao_registrada,,10.1007/s11423-020-09781-6,https://doi.org/10.1007/s11423-020-09781-6,localizador_conferido; conferencia_dirigida
education_chen2024,pendente,nao_registrada,,10.1007/s10639-024-12462-z,https://doi.org/10.1007/s10639-024-12462-z,localizador_conferido; conferencia_dirigida
education_forstervold2022,pendente,nao_registrada,,10.1080/01443410.2022.2102582,https://doi.org/10.1080/01443410.2022.2102582,localizador_conferido; conferencia_dirigida
education_han2023,pendente,nao_registrada,,10.1080/03075079.2023.2201608,https://doi.org/10.1080/03075079.2023.2201608,localizador_conferido; conferencia_dirigida
education_hartley2022,pendente,nao_registrada,,10.3991/ijim.v16i14.28783,https://doi.org/10.3991/ijim.v16i14.28783,localizador_conferido; conferencia_dirigida
education_lim2019,pendente,nao_registrada,,10.34105/j.kmel.2019.11.024,https://doi.org/10.34105/j.kmel.2019.11.024,localizador_conferido; conferencia_dirigida
education_limone2020,pendente,nao_registrada,,10.3390/bs10120184,https://doi.org/10.3390/bs10120184,localizador_conferido; conferencia_dirigida
education_palalas2020,apta_para_revisao,nao_registrada,"156, 164–165",10.14742/ajet.5650,https://ajet.org.au/index.php/AJET/article/download/5650/1665,
education_patzak2025,pendente,nao_registrada,,10.3389/feduc.2025.1623228,https://doi.org/10.3389/feduc.2025.1623228,localizador_conferido; conferencia_dirigida
education_prasse2024,apta_para_revisao,nao_registrada,"1809, 1825–1827",10.1007/s10758-024-09772-z,https://link.springer.com/content/pdf/10.1007/s10758-024-09772-z.pdf,
education_taghavi2024,pendente,nao_registrada,,10.1177/00332941241287423,https://doi.org/10.1177/00332941241287423,localizador_conferido; conferencia_dirigida
education_tao2025,pendente,nao_registrada,,10.3389/fpsyg.2025.1562980,https://doi.org/10.3389/fpsyg.2025.1562980,localizador_conferido; conferencia_dirigida
education_wolters2017,pendente,nao_registrada,,10.1007/s11409-017-9174-1,https://doi.org/10.1007/s11409-017-9174-1,localizador_conferido; conferencia_dirigida
education_wolters2021,pendente,nao_registrada,,10.1007/s10648-020-09519-z,https://doi.org/10.1007/s10648-020-09519-z,localizador_conferido
education_wong2026,pendente,nao_registrada,,10.1007/s11423-026-10586-2,https://doi.org/10.1007/s11423-026-10586-2,localizador_conferido; conferencia_dirigida
education_xu2022,pendente,nao_registrada,,10.1080/0144929X.2022.2151935,https://doi.org/10.1080/0144929X.2022.2151935,localizador_conferido; conferencia_dirigida
education_zheng2016,pendente,nao_registrada,,10.1080/14703297.2016.1259080,https://doi.org/10.1080/14703297.2016.1259080,localizador_conferido; conferencia_dirigida
azionya2021,pendente,nao_registrada,,10.17718/tojde.1002822,https://dergipark.org.tr/en/pub/tojde/article/1002822,localizador_conferido; conferencia_dirigida
batanero2021,pendente,nao_registrada,,10.1109/ACCESS.2021.3095041,https://ebuah.uah.es/dspace/handle/10017/55403,localizador_conferido; conferencia_dirigida
bong2021,pendente,nao_registrada,,10.1080/13603116.2021.1937344,https://doi.org/10.1080/13603116.2021.1937344,localizador_conferido
choi2024,pendente,nao_registrada,,10.1007/s11528-024-00987-6,https://doi.org/10.1007/s11528-024-00987-6,localizador_conferido; conferencia_dirigida
cinquin2019,pendente,nao_registrada,,10.1016/j.compedu.2018.12.004,https://doi.org/10.1016/j.compedu.2018.12.004,localizador_conferido; conferencia_dirigida
cob2023,pendente,nao_registrada,,10.3390/educsci13010094,https://www.mdpi.com/2227-7102/13/1/94,localizador_conferido; conferencia_dirigida
farhan2020,pendente,nao_registrada,,10.1080/17483107.2020.1786733,https://www.tandfonline.com/doi/full/10.1080/17483107.2020.1786733,localizador_conferido; conferencia_dirigida
gobbo2023,pendente,nao_registrada,,10.3390/su151411392,https://doi.org/10.3390/su151411392,localizador_conferido
guo2022,pendente,nao_registrada,,10.1016/j.techsoc.2022.102122,https://doi.org/10.1016/j.techsoc.2022.102122,localizador_conferido; conferencia_dirigida
jamil2023,pendente,nao_registrada,,10.1177/00027642231156779,https://journals.sagepub.com/doi/10.1177/00027642231156779,localizador_conferido; conferencia_dirigida
kumar2017,pendente,nao_registrada,,10.1007/s40692-017-0093-6,https://doi.org/10.1007/s40692-017-0093-6,localizador_conferido
kumarguideline2019,pendente,nao_registrada,,10.1007/s10639-019-09937-9,https://doi.org/10.1007/s10639-019-09937-9,localizador_conferido; conferencia_dirigida
kumarmapping2024,pendente,nao_registrada,,10.1108/IJILT-03-2023-0029,https://doi.org/10.1108/IJILT-03-2023-0029,localizador_conferido
kumiyeboah2023,pendente,nao_registrada,,10.1111/bjet.13356,https://bera-journals.onlinelibrary.wiley.com/doi/10.1111/bjet.13356,localizador_conferido; conferencia_dirigida
linhalis2026,pendente,nao_registrada,,10.17398/1695-288X.25.1.59,https://relatec.unex.es/index.php/relatec/article/view/4851,localizador_conferido; conferencia_dirigida
martin2024,pendente,nao_registrada,,10.1080/15391523.2024.2425442,https://doi.org/10.1080/15391523.2024.2425442,localizador_conferido
mathrani2021,pendente,nao_registrada,,10.1080/14767724.2021.1981253,https://www.tandfonline.com/doi/full/10.1080/14767724.2021.1981253,localizador_conferido; conferencia_dirigida
naveed2023,pendente,nao_registrada,,10.3390/su151813566,https://www.mdpi.com/2071-1050/15/18/13566,localizador_conferido; conferencia_dirigida
punchoojit2017,pendente,nao_registrada,,10.1155/2017/6787504,https://onlinelibrary.wiley.com/doi/10.1155/2017/6787504,localizador_conferido; conferencia_dirigida
werfhorst2022,pendente,nao_registrada,,10.1016/j.caeo.2022.100100,https://www.sciencedirect.com/science/article/pii/S2666557322000295,localizador_conferido; conferencia_dirigida
OS01,pendente,nao_registrada,,10.1109/SPW53761.2021.00062,https://doi.org/10.1109/SPW53761.2021.00062,localizador_conferido
OS02,pendente,nao_registrada,,10.1109/EuroSP53844.2022.00041,https://doi.org/10.1109/EuroSP53844.2022.00041,localizador_conferido
OS03,pendente,nao_registrada,,10.14722/NDSS.2021.23104,https://doi.org/10.14722/NDSS.2021.23104,localizador_conferido; conferencia_dirigida
OS06,pendente,nao_registrada,,10.1007/978-3-030-35055-0_2,https://doi.org/10.1007/978-3-030-35055-0_2,localizador_conferido; conferencia_dirigida
OS07,pendente,nao_registrada,,10.1145/3633769,https://doi.org/10.1145/3633769,localizador_conferido; conferencia_dirigida
OS08,pendente,nao_registrada,,10.1145/3517209.3524041,https://doi.org/10.1145/3517209.3524041,localizador_conferido; conferencia_dirigida
OS09,pendente,nao_registrada,,10.1109/SmartCloud55982.2022.00037,https://doi.org/10.1109/SmartCloud55982.2022.00037,localizador_conferido; conferencia_dirigida
OS10,pendente,nao_registrada,,10.1109/TPDS.2023.3241963,https://doi.org/10.1109/TPDS.2023.3241963,localizador_conferido; conferencia_dirigida
OS13,pendente,nao_registrada,,10.1145/3596267,https://doi.org/10.1145/3596267,localizador_conferido; conferencia_dirigida
OS14,pendente,nao_registrada,,10.56553/popets-2022-0078,https://doi.org/10.56553/popets-2022-0078,localizador_conferido; conferencia_dirigida
OS15,pendente,nao_registrada,,10.1145/3501712.3535278,https://doi.org/10.1145/3501712.3535278,localizador_conferido; conferencia_dirigida
OS17,pendente,nao_registrada,,10.1145/3543507.3583327,https://doi.org/10.1145/3543507.3583327,localizador_conferido; conferencia_dirigida
OS18,pendente,nao_registrada,,10.3991/IJIM.V15I06.20631,https://doi.org/10.3991/IJIM.V15I06.20631,localizador_conferido
eng01,pendente,nao_registrada,,10.1109/TR.2018.2865733,https://doi.org/10.1109/TR.2018.2865733,localizador_conferido; conferencia_dirigida
eng02,pendente,nao_registrada,,10.3390/computers12050097,https://doi.org/10.3390/computers12050097,localizador_conferido; conferencia_dirigida
eng03,pendente,nao_registrada,,10.1007/s11219-018-9418-6,https://doi.org/10.1007/s11219-018-9418-6,localizador_conferido; conferencia_dirigida
eng04,pendente,nao_registrada,,10.1016/j.infsof.2023.107323,https://doi.org/10.1016/j.infsof.2023.107323,localizador_conferido
eng05,pendente,nao_registrada,,10.1016/j.jss.2016.03.065,https://doi.org/10.1016/j.jss.2016.03.065,localizador_conferido; conferencia_dirigida
eng06,pendente,nao_registrada,,10.1145/3507903,https://doi.org/10.1145/3507903,localizador_conferido
eng07,pendente,nao_registrada,,10.1109/CBI58679.2023.10187511,https://doi.org/10.1109/CBI58679.2023.10187511,localizador_conferido; conferencia_dirigida
eng08,pendente,nao_registrada,,10.1016/j.infsof.2023.107318,https://doi.org/10.1016/j.infsof.2023.107318,localizador_conferido; conferencia_dirigida
eng10,pendente,nao_registrada,,10.1145/3477535,https://doi.org/10.1145/3477535,localizador_conferido; conferencia_dirigida
eng11,pendente,nao_registrada,,10.1109/ACCESS.2020.2964587,https://doi.org/10.1109/ACCESS.2020.2964587,localizador_conferido
eng12,pendente,nao_registrada,,10.1016/j.infsof.2022.106870,https://doi.org/10.1016/j.infsof.2022.106870,localizador_conferido; conferencia_dirigida
eng13,pendente,nao_registrada,,10.1016/j.infsof.2018.01.006,https://doi.org/10.1016/j.infsof.2018.01.006,localizador_conferido; conferencia_dirigida
eng14,pendente,nao_registrada,,10.1109/ACCESS.2017.2685629,https://doi.org/10.1109/ACCESS.2017.2685629,localizador_conferido; conferencia_dirigida
eng15,pendente,nao_registrada,,10.1007/s10664-021-10114-1,https://doi.org/10.1007/s10664-021-10114-1,localizador_conferido
eng16,pendente,nao_registrada,,10.1109/TSE.2021.3064953,https://doi.org/10.1109/TSE.2021.3064953,localizador_conferido; conferencia_dirigida
eng18,pendente,nao_registrada,,10.1016/j.jss.2024.112187,https://doi.org/10.1016/j.jss.2024.112187,localizador_conferido; conferencia_dirigida
eng20,pendente,nao_registrada,,10.1080/0960085X.2026.2627280,https://doi.org/10.1080/0960085X.2026.2627280,localizador_conferido; conferencia_dirigida
SU01,pendente,nao_registrada,,10.1136/bmj.n71,https://doi.org/10.1136/bmj.n71,localizador_conferido; conferencia_dirigida
SU02,pendente,nao_registrada,,10.1136/bmj.n160,https://doi.org/10.1136/bmj.n160,localizador_conferido; conferencia_dirigida
SU03,pendente,nao_registrada,,10.1186/s13643-020-01542-z,https://doi.org/10.1186/s13643-020-01542-z,localizador_conferido; conferencia_dirigida
SU04,pendente,nao_registrada,,10.1038/s41562-016-0021,https://doi.org/10.1038/s41562-016-0021,localizador_conferido; conferencia_dirigida
SU05,pendente,nao_registrada,,10.1145/3345317,https://doi.org/10.1145/3345317,localizador_conferido; conferencia_dirigida
SU06,pendente,nao_registrada,,10.1038/s41598-023-41032-5,https://doi.org/10.1038/s41598-023-41032-5,localizador_conferido; conferencia_dirigida
SU07,pendente,nao_registrada,,10.7759/cureus.39238,https://doi.org/10.7759/cureus.39238,localizador_conferido; conferencia_dirigida
SU08,pendente,nao_registrada,,10.1109/icievicivpr52578.2021.9564123,https://doi.org/10.1109/icievicivpr52578.2021.9564123,localizador_conferido; conferencia_dirigida
SU10,apta_para_revisao,nao_registrada,"1, 3",10.3389/fpsyg.2017.00422,https://www.frontiersin.org/journals/psychology/articles/10.3389/fpsyg.2017.00422/pdf,
SU11,apta_para_revisao,nao_registrada,336–337,10.1016/j.jbusres.2019.07.039,https://fenix.iseg.ulisboa.pt/downloadFile/281608120804966/Guidelines%20Snyder%202019.pdf,
